sample	stage	rs1419114_A>G_genotype	mean_coverage	total_reads	normalised_coverage
erythroblast_1	adult	A/G	292.2608695652174	18258608	16.006744301932404
erythroblast_2	adult	G/G	336.82608695652175	14880879	22.634824660325627
erythroblast_3	adult	G/G	674.4347826086956	16650764	40.50473495442586
erythroblast_4	adult	A/G	291.7826086956522	16902093	17.263105148909794
erythroblast_5	adult	A/G	181.6086956521739	23814540	7.625958580437578
erythroblast_6	adult	G/G	411.95652173913044	14894817	27.657709506543814
erythroblast_7	adult	A/G	189.08695652173913	11106385	17.025067699502504
erythroblast_8	adult	A/G	240.65217391304347	11512387	20.903759916431184
erythroblast_9	adult	A/A	231.52173913043478	16213392	14.279660858778643
erythroblast_10	adult	A/G	405.82608695652175	17814229	22.781007640382402
erythroblast_11	adult	G/G	463.82608695652175	15777429	29.39807790968489
erythroblast_12	adult	G/G	469.82608695652175	13943765	33.69434919166536
erythroblast_13	fetal	G/G	178.7826086956522	14614360	12.233351901530563
erythroblast_14	fetal	G/G	255	21764781	11.716175779577107
erythroblast_15	fetal	A/G	205.30434782608697	17278273	11.8822261823324
erythroblast_16	fetal	G/G	292.9130434782609	20060987	14.601128223564517
erythroblast_17	fetal	G/G	164.82608695652175	17145984	9.613101642724136
erythroblast_18	fetal	G/G	423.5652173913044	25585290	16.555028979202675
erythroblast_19	fetal	G/G	171.3913043478261	16871355	10.158716021791143
erythroblast_20	fetal	G/G	398.5217391304348	20986762	18.989196100400566
erythroblast_21	fetal	A/G	312	21114548	14.776541747424572
erythroblast_22	fetal	G/G	288.30434782608694	18341826	15.718410360347269
erythroblast_23	fetal	G/G	424.2608695652174	15389667	27.567904462469354
erythroblast_24	fetal	G/G	344.04347826086956	13528723	25.430595205539323